first_name,last_name,address,date_of_birth
Brandon,Terry,"5164 Michele Wall Edwardsburgh, RI 67372",1965-11-08
Kayla,Williams,"9914 Tammy Glens Mitchellland, KS 62303",2022-05-05
Cole,Cruz,"7239 Brown Underpass Port Justinhaven, KY 31118",1998-03-19
Maria,Rivera,"74170 Caitlin Union Apt. 747 Lake Brookechester, VT 43318",1952-10-14
Angela,Munoz,"9622 Nathan Curve Apt. 720 North Cynthiaborough, CO 06430",1973-02-24
Steve,Morgan,USCGC Hawkins FPO AE 87493,1983-11-23
Jennifer,Bowman,"5438 Miller Causeway Suite 402 Goldenshire, RI 51089",1970-08-26
Jeffrey,Young,"5561 Jones Trace Christophershire, MD 13174",1942-07-19
Christopher,Liu,USNS Clark FPO AA 32848,1958-03-08
Leonard,Berry,"94541 Nguyen Burg Suite 255 Jacksonmouth, DE 85303",1955-08-16
Morgan,Mason,"40535 Hodge Squares West Janicechester, AZ 81125",1995-06-21
Ronald,Wright,"PSC 1820, Box 8133 APO AA 11987",1983-07-12
Raymond,Meyer,"9049 David Canyon Meaganhaven, MN 35290",1927-08-08
Ronald,Stuart,"73393 Brian Junction Suite 552 Christinafort, KY 38902",1916-10-06
Zachary,Smith,"374 West Shoal Lake Heatherside, ID 80822",1937-05-08
Devin,Mason,"0574 Graham Meadows Apt. 878 West Rebekahshire, IA 67361",1953-02-06
Wesley,Wilkins,"498 Joyce Expressway Terryville, MO 98664",2004-07-17
Susan,Bowen,"3378 Zachary Oval Apt. 451 Ambershire, VT 47007",1960-07-01
Christine,Hickman,"8157 Lopez Rest North Michaelstad, GA 44319",2014-05-07
Paul,Powers,USNV Johnson FPO AP 85924,1931-10-19
Melissa,Mcintyre,"764 Greer Walks Suite 832 Brianstad, IN 53985",1931-05-26
Lisa,Moreno,"381 Jessica Courts Kathrynstad, SD 46805",1927-08-01
Ashley,Wright,"200 Robert Summit Apt. 385 Woodfort, MH 47293",1982-03-24
April,Sullivan,"7475 Teresa Pine Lawrenceside, CO 73938",1974-02-19
Monica,Middleton,"23539 Kelly Port Port Hannah, AZ 77543",1998-02-08
Emily,Monroe,"873 Clay Valley Suite 601 North Ralph, SC 32519",1950-08-09
Miranda,Ray,"8518 Spears Lock Obrienmouth, CO 27029",1929-04-27
Cory,Harvey,"6442 Johnson Fords Suite 204 West Timothy, NC 45077",1936-08-18
Daniel,Mendoza,"501 Cassandra Stravenue Apt. 739 North Danielle, HI 28150",1939-01-17
James,Vaughn,"58303 Vincent Brook Suite 053 Lake Josephhaven, MN 83877",1921-03-13
Martin,Johnson,"989 Morales Mews South Jodyton, KS 99627",1938-07-13
Ashley,Ryan,USNV Martinez FPO AP 84261,1926-06-11
Joel,Zimmerman,"292 Williams Extension Apt. 246 Lake Kevinview, MA 52455",1995-10-19
Melissa,Marshall,"1490 Jackson Crescent Apt. 399 East Karentown, OH 92146",1922-02-15
Blake,Nolan,"70561 Trevino Expressway Apt. 618 West Richardborough, IA 10025",2016-04-24
William,Roberts,USNS Chan FPO AP 12859,1928-04-25
Kevin,Davis,"97764 Mark Branch Tristantown, FL 81682",2018-04-20
Tracy,Palmer,"38855 Paul Lake Apt. 209 Lake Lori, AK 92847",1969-03-26
Amy,King,"2111 Hall Club East Rebeccastad, VI 19762",2019-03-28
Barbara,Smith,"9401 Caleb Street Apt. 728 East Ashley, DC 14734",1979-08-17
James,Bennett,"85809 Jackie Tunnel Jameshaven, MP 49763",1976-05-02
Kevin,Black,"6264 Ashlee Forge Port Paulmouth, NJ 62172",2013-04-28
Ruben,Burke,"540 Johnny Terrace Watsonmouth, OK 57529",1949-05-01
Austin,Wilson,"406 Janice Motorway Suite 400 Harrisonberg, ID 78415",1989-07-07
Michelle,Thompson,"693 Michael Brook Suite 327 Markside, ID 55329",1930-09-05
Paul,Lee,"7181 Christopher Tunnel Antoniofurt, OK 82067",2019-06-08
Paige,Johnson,"1299 Snow Springs Suite 248 New Jakefort, OK 54997",1920-02-23
Dana,Martinez,"849 Gary Trail North Toddton, CO 02587",1946-02-13
Steven,Washington,"938 Oneal Brook Apt. 337 West Kathleen, RI 49418",1957-07-21
Jason,Juarez,"2387 Judith Lodge South Kevin, MN 87730",2001-03-19
Samantha,Johnson,Unit 4095 Box 7115 DPO AA 79368,2001-11-17
James,Walker,Unit 5697 Box 6787 DPO AA 10901,1977-08-06
Stephanie,Alvarez,"35364 Gary Centers New Lisaberg, HI 89108",1919-09-13
Hunter,Hall,"26019 Kristy Park North Jasmine, LA 82513",1954-08-27
Angela,Costa,"20448 Hamilton Gardens Apt. 165 East Danielle, ME 65461",1922-04-21
Matthew,Smith,"783 Quinn Bypass Suite 860 Mollyfurt, ND 05319",2013-01-23
Jacob,Conner,"5294 Michelle Views Suite 367 Bishopfort, MD 40021",1980-05-28
Christine,Trujillo,"56239 David Lodge Apt. 260 South Stephen, VI 41127",1971-01-17
Omar,Campbell,"744 Cameron Crest Peggytown, AR 32074",2008-07-14
Stephanie,Cole,"146 Gloria Green Apt. 183 Cannonmouth, DC 55987",2002-07-15
Denise,Schultz,"980 Elizabeth Ridges Bautistahaven, SD 82405",2015-08-13
Karen,Harris,"3914 Cline Unions Loweryview, DE 49565",1933-05-24
Patrick,Logan,"85680 Ashley Light Lake Lori, NV 83590",2012-04-12
Joshua,Spence,"1163 Morrow Burgs Suite 818 East Jeffrey, NC 44486",1950-03-05
Derek,Thompson,"558 Johnathan Course New Dustinfurt, PR 39171",1971-01-18
Samantha,Wright,"445 Karen Shores Gordonport, GA 58255",1982-08-02
Natasha,Clark,"7679 Benjamin Road Jamiestad, FL 99264",1914-07-07
Andrew,Kelly,"54204 Jennifer Springs Suite 242 New Teresa, AL 46212",1992-06-28
Roberto,Osborne,Unit 6676 Box 8628 DPO AE 73402,1973-03-01
Daniel,Small,"78215 Simon Common Jayville, MA 94007",1986-07-19
Jim,Curtis,"84618 Matthew Walk Suite 844 West Nicoleburgh, AL 34657",1929-02-13
Zachary,Jones,"913 Downs Shoal Martinezburgh, MS 83610",1997-04-09
William,Delacruz,Unit 0467 Box 2002 DPO AE 61030,1939-10-25
George,Michael,"34970 Erickson Wells Johnsonshire, SD 25620",2001-05-05
Mindy,Hodge,"8454 Davidson Squares Davidshire, CA 33056",2021-09-20
Jill,Lloyd,"38455 David Mission Jacksonhaven, AZ 65532",1944-04-26
Jason,Le,"7192 Moran Divide Calebland, NJ 60289",1995-01-04
Patrick,Reynolds,"6352 Sutton Underpass Suite 611 North Julia, SC 69402",1920-04-16
Ashley,Turner,"0545 Danielle Field Apt. 454 Port Kurt, WV 95443",1974-11-25
Amy,Green,"314 Frank Parkways Suite 854 Port Eric, GA 37893",1956-12-11
Brittany,Russell,"78852 Mcintosh Drives Angelaside, MA 55811",1967-07-03
Joann,Phillips,"0140 Holly Place Matthewtown, PR 05526",1949-11-16
Jessica,Robles,"76612 Mario Forks East Kurt, DE 03694",1910-07-31
Justin,Baker,"90151 Jennifer Meadows Cookside, MH 13536",1973-06-20
Garrett,West,"8665 Jeremy Brook Suite 190 Dixonshire, CA 74292",1928-01-23
Paul,Joseph,"4342 Shaw Villages Suite 726 New Philip, AR 00792",1973-04-03
Thomas,Valdez,"3426 Davenport Center South Kenneth, WI 22142",1963-07-10
John,Greene,"38095 Whitney Mission New April, MA 51974",1972-06-23
Kimberly,Gardner,"537 Smith Shore Apt. 054 Caseyberg, IL 33303",1957-12-16
Ryan,Johnson,"7053 Jennifer Forks Suite 777 New Amandaview, NM 10034",1983-04-12
Tara,Hoffman,"2016 Kelsey Key East Erin, NC 39539",1920-02-28
Erik,Stark,"800 Jennifer Walks Apt. 679 West Erica, OK 40334",1931-03-28
Melissa,King,USNV Padilla FPO AA 64536,1925-02-22
Jonathan,Clayton,"48031 Matthew Prairie Barbarafurt, AR 51549",1994-10-26
Jessica,Austin,"068 Richard Village Apt. 221 Kaylafurt, NV 51915",1993-09-11
Samantha,Montes,"72261 Christine Stream Diazland, KY 99419",1957-04-20
Denise,Carr,"940 Michele Coves Apt. 555 Michellechester, VI 41655",1952-12-22
Antonio,Green,"436 Julia Viaduct New Adamville, LA 91324",1948-10-19
Tyrone,Dominguez,"376 Daniel Orchard New Andrew, KY 14356",1964-02-08
Brian,Smith,"673 Joseph Parks Suite 527 Lake Stacey, IA 83498",1955-01-29
John,Horton,"34939 Matthew Junction Suite 849 East Melissaport, RI 46725",1967-05-20
Linda,Hood,"83178 Frazier Stream Murphymouth, NV 58018",1995-01-13
Derek,Romero,"27895 Dawn Parkways North Kimberly, SD 28525",1973-05-17
Parker,Gordon,"5053 Stephanie Ridges Douglasside, DE 95653",1939-02-18
Andrew,Griffin,"9494 Collins Terrace East Jennifer, KY 32116",1954-11-27
Monica,Wiggins,"58119 Parks Lodge Suite 099 East Jennaton, VA 87426",2018-01-04
Rebecca,Galvan,"6107 Lewis Vista Tracymouth, OR 03403",1965-12-11
Jason,Benson,"20405 Watts Motorway Angelamouth, AL 43880",1911-07-17
Monica,Russell,Unit 6777 Box 6251 DPO AE 18089,2005-01-22
Andrew,Rodriguez,"3198 Paul Field Apt. 483 South Dylan, IN 53779",1966-07-14
Mark,Adams,"73756 Kelsey Cape Apt. 567 Deniseton, TN 59171",1964-11-10
Rickey,Huber,"798 Harrison Junctions Suite 752 Kathleenmouth, LA 21341",1966-06-30
Aaron,Schmidt,USS Dyer FPO AA 92338,1991-02-25
Carrie,Lambert,"PSC 4990, Box 5970 APO AA 90490",2000-08-26
Andrew,Campbell,"68366 Brittany Expressway Lawsonland, ND 97482",1988-09-30
Jenna,Perkins,"57773 Felicia Neck Williamsonport, LA 88259",1998-05-20
Levi,Andrews,"07460 Charlene Meadows Sheriburgh, FM 06098",1910-09-16
Brandon,Manning,"34955 Russell Rapid Apt. 877 Port Cory, GA 27487",2020-11-27
Brandon,Torres,"623 Richard Flat New Robert, AR 43421",1946-01-24
Jeff,Miller,"3818 Gray Unions Apt. 273 West Brookeside, NV 67194",1997-01-23
Lisa,Martin,Unit 5793 Box 9035 DPO AE 76714,1996-09-12
Mary,Patterson,"58910 James Inlet Port James, KS 39560",1918-06-11
Kathleen,Jones,"20852 Douglas Groves Apt. 335 Belltown, OK 35358",1974-06-29
Joshua,Ford,"72634 Gordon Road Apt. 344 New Michelle, SC 24297",2022-05-20
Norman,Spencer,Unit 8043 Box 7248 DPO AE 95379,1988-11-27
Richard,Woods,"48094 Gary Ferry Angelamouth, IA 54111",1988-01-24
Barbara,Roman,Unit 3363 Box 5640 DPO AA 95828,2012-04-24
Mark,Aguilar,"11333 Jacqueline Ports Suite 187 South Matthewview, WA 15188",1916-07-27
Joshua,Orr,"1766 James Expressway South Erin, NC 64154",2022-05-24
Jenna,Acosta,"6389 Jeffrey Springs Lake Michael, WI 97318",1953-09-06
Heidi,Johnson,"381 Emily Expressway Suite 652 Jerryland, AL 35428",1968-06-15
Randy,Stanley,"5483 Jennifer Run North William, SD 28381",2020-06-12
Christopher,Harris,"4230 Raymond Curve Jessicastad, GA 15133",1959-11-30
Bradley,Wright,"404 Herrera Highway Jonathanmouth, SC 83640",1993-11-10
Richard,Wood,"445 Danielle Vista Apt. 361 Port Coreyville, DC 30951",2012-05-26
William,Holland,"6343 West Lights Suite 716 Owensshire, OK 05066",1912-03-27
Mark,Jordan,"6781 Christopher Manor Josephhaven, WY 90099",1934-02-19
Carl,Abbott,"2970 Robert Ville Suite 745 West Joseph, FM 79446",1929-11-24
Jessica,Wilson,"337 Lucas Road Apt. 876 West Christine, WV 72954",1916-03-08
John,Black,"496 Freeman Run Apt. 608 New James, CA 68712",1958-06-17
Keith,Dixon,"PSC 1267, Box 5198 APO AA 94982",1982-03-27
Dillon,Sanford,"9676 William Plains Suite 894 Moodyview, MD 64724",1924-07-18
Nicholas,Dixon,"106 May Rapids East Andreachester, WY 87473",2020-05-15
Kristina,Russell,"804 Adams Oval Suite 747 Jamiemouth, NJ 90094",1924-07-04
William,Mitchell,"89599 Erica Drive Apt. 195 South Thomas, NJ 93428",2003-02-13
Brandy,Wise,"498 Michael Wells Suite 817 New Dennis, TX 05530",1929-08-03
Robert,Newman,"8547 Lindsey Summit Thompsonville, RI 04554",2010-10-11
John,Campbell,"95252 Davis Underpass Rachelport, WV 71202",1978-02-18
Joseph,Wheeler,"12905 Morgan Camp Bryanburgh, OK 12552",1990-03-16
Joseph,White,"805 Hicks Port Apt. 261 Port Ashley, WY 53927",1917-02-02
Robert,Jones,"88643 Chung Dam Ellischester, WY 56855",1966-05-14
Scott,Yang,"8064 Amanda Road Lake Dawn, OH 99924",1936-11-27
April,Ward,"281 Rodgers Mountains Aliciaburgh, UT 54501",1915-09-28
Gary,Reyes,"593 Amanda Ferry Richardshire, KS 58320",1979-03-14
Michael,Gomez,"83014 Rebecca Bridge Apt. 033 Davisland, MI 01491",2005-09-07
Betty,Foster,"229 Robert Green North Angelaberg, MT 68038",1953-11-20
Frederick,Curtis,"62994 Lee Crossing South Jason, IA 85332",1920-02-19
Daniel,Jones,"19591 Andrew Falls Suite 453 Natashabury, IA 21396",1930-08-19
Sylvia,Campbell,"2381 Claudia Ridge Suite 083 South Theodore, KS 32358",1945-12-27
Carrie,Thomas,"105 Johnson Cliff Joybury, MD 42037",1928-10-26
Alex,Hansen,"34032 Preston Trafficway Apt. 077 New Susan, AK 11022",1945-02-24
William,Dudley,"33716 Rosales Fork North Brenda, AL 45703",1974-05-28
Bianca,Simpson,"57085 Eric Point Apt. 444 Shelbyshire, TN 52967",1925-04-21
Edward,Cherry,"61519 Whitney Common Monicaborough, PW 35909",1967-12-01
Thomas,Rich,"0769 Cassidy Plains Suite 506 North Bryan, UT 59811",1932-03-06
William,Hicks,"7809 Chapman Way Carolineside, MT 76252",2008-07-26
Rachel,Adams,"5457 Huff Circles Bensonburgh, MP 27553",1942-12-14
Corey,Montes,"419 Karen Mews Apt. 705 East Juan, VT 36564",1997-03-07
Robert,Turner,"33029 Laura Walk Port Lindseyland, MS 37352",1975-08-26
Chad,Hart,"262 Jessica Gateway Suite 134 Christopherstad, PW 22836",1952-08-01
Jimmy,Cox,Unit 6672 Box 3149 DPO AP 28254,1985-09-21
James,Davis,"394 Teresa Forks Suite 120 East Brendabury, HI 10570",1955-02-22
Bonnie,Peters,"4029 Justin Manors North Erinmouth, VT 71798",2020-01-18
Christopher,Mendoza,"8585 Christian Brook Apt. 258 Robinview, MH 65318",1983-04-08
Robert,Cardenas,"0122 Black View Lake Kevintown, WY 88362",1927-10-26
Brenda,Mills,"0760 Gray Isle Suite 608 Gomezfurt, LA 90923",1981-04-09
Jessica,Davis,"61735 Thornton Parkways Scottmouth, WA 97068",1979-07-07
Austin,Martin,"0563 Thomas Mountains Wrightview, MH 64083",1932-01-11
Elaine,Lynch,"019 Sherry Mission Suite 407 Perezmouth, OH 54595",1921-04-18
Lisa,Hester,"18507 Kevin Crossing Lake Ebony, CT 31490",1926-07-28
Terri,Myers,"08076 Coleman Glens Suite 482 Sherriland, MI 05037",1926-03-28
Mark,Perez,"306 Johnson Tunnel New Victoria, MP 28533",2016-09-10
Thomas,Moore,"837 Lee Meadows Brownborough, VT 68445",1930-08-04
Matthew,Melendez,"6678 John Road Apt. 613 Williamston, OR 60521",2003-02-15
Anthony,Cox,"792 Dawson Radial Apt. 660 Jessemouth, ID 05972",1988-05-24
William,Edwards,"3748 Douglas Mills Apt. 455 Laurenton, TX 91854",1980-10-27
Christopher,Little,"8223 Sean Overpass Apt. 320 Michaelborough, MI 89939",1962-01-21
Amanda,Carter,"766 Anderson Parkways Apt. 089 Samuelberg, WY 55984",1924-01-18
Becky,Murray,"79814 Michael Valley Shaunville, AL 67546",1967-03-08
Julie,Williams,"6953 Mitchell Street Suite 123 South Richardchester, MD 28484",1957-11-26
Dorothy,Taylor,"2215 Donna Fall New Debbieborough, MT 98467",1988-04-16
Angela,Jones,"709 Reed Villages Thompsonburgh, NC 63106",1930-11-17
Debra,Hall,"1464 Green Knoll East Jessica, AL 09195",1933-10-04
Sarah,Nelson,"2561 Matthew Ferry Suite 153 Taylorfurt, TX 43814",1928-07-27
Erik,Brown,"99709 Simmons Springs Port David, MO 30080",1920-03-22
Samantha,Johnson,"8011 Gordon Corner Apt. 814 New Melinda, WA 87719",1940-08-05
Richard,Johnson,"94439 Craig Mount Anthonytown, DC 96546",1908-12-06
Gavin,West,"37023 Woods Street Apt. 874 Zhangland, SD 25822",2019-12-10
Leslie,Gilbert,"892 Eric Wells Apt. 834 Port Susan, NY 45161",2000-12-30
Joseph,Benson,"6708 Eric Green Lake Kendramouth, TX 77059",2001-02-04
Melanie,Vazquez,"787 Roberson Forks Suite 480 Tammyport, NE 77704",2019-12-09
Kathryn,Hopkins,"05046 Timothy Ramp Michaelchester, FM 06076",2021-01-04
Andrew,Hoffman,"949 Cooper Views Apt. 093 Davidfurt, IL 23735",1960-08-17
Christopher,Pearson,Unit 2546 Box 0665 DPO AP 94560,2009-09-02
Kristin,Camacho,"5977 Danny Roads Apt. 268 East Ashleyland, TN 01234",1956-05-25
Joshua,Sanders,"PSC 1988, Box 5190 APO AA 97190",2015-06-04
Kevin,Rodriguez,Unit 4775 Box 3576 DPO AA 08276,1940-04-14
Kimberly,Rivas,"63022 Kirk Drive Suite 817 North Erinview, NM 29691",1921-03-25
Brent,Tran,"02779 Albert Place Allenton, WA 02641",1997-05-25
Robin,Underwood,"43554 Andrew Lane Suite 142 Michaelbury, MO 02275",1932-06-02
Miranda,Zamora,"11946 Kelly Pike Suite 020 West Apriltown, WI 20588",2010-11-23
Michelle,Owen,"09095 Thomas Summit East Sandramouth, DE 43068",1995-03-04
John,Baker,"53858 Renee Forks Suite 840 Billyland, NC 40073",1982-11-09
Gabriel,Shelton,"46959 Brittany Plaza Apt. 381 North Kimstad, UT 59037",1916-02-24
Rachel,Cuevas,"56549 Patton Well Ashleystad, WY 48285",2008-12-02
Kathryn,Landry,USNS Barnes FPO AA 19063,1980-02-12
Derrick,Stone,"81771 Amy Fort North Georgemouth, OH 65767",2011-02-13
Julie,Walter,"868 Alyssa Rapids Suite 285 Avilaland, WY 28225",1956-01-30
Kayla,Potts,"22785 Ross Causeway Russellberg, MO 65683",1930-02-15
Taylor,Perez,"33496 Michael Bridge Apt. 335 West Michael, GU 69161",1973-02-19
Stacey,Stewart,"92801 Richard Garden South Jeffreyberg, KS 92196",1986-09-07
Samuel,Oconnell,"698 Caleb Port East Vickimouth, NY 08237",1942-09-08
Richard,Gates,Unit 2545 Box 5313 DPO AP 23030,1990-07-14
Christina,Sanchez,"9872 Wells Ways Susanmouth, PW 08470",1942-08-19
Michelle,Bridges,"08267 Davis Glens Apt. 438 Lake Johnport, NV 98837",1931-09-25
Hannah,Torres,"99558 Monroe Crossroad Petersonmouth, WA 35777",1951-04-04
Richard,Winters,"PSC 9556, Box 2929 APO AE 30767",1926-11-29
Anna,Holland,"56804 Martinez Mountain Suite 335 Tiffanyfort, NC 43413",1953-05-14
Shawna,Rogers,"87980 Ronald Drives Garciaview, NH 01175",1984-12-31
Emma,Best,Unit 4729 Box 8420 DPO AE 74962,2009-05-20
Mark,Glover,USNS Huber FPO AA 56402,1934-03-03
Megan,Dunn,"31406 Payne Vista South Brandonchester, KY 02107",1973-08-26
Kerri,Oneal,"7962 Robbins Corner Apt. 758 New Micheleshire, WI 45819",1961-10-09
Stephanie,Hickman,"731 Brandon Haven Lake Corychester, MP 82965",2008-06-26
Julia,Castaneda,"366 Jason Groves Suite 447 Port William, NC 40838",2017-10-01
Joseph,Zamora,"45226 Susan Isle East Lanceside, VT 84489",1936-04-20
Patricia,Campbell,"0035 Jason Courts Apt. 487 Aguirrefort, ND 01100",2015-09-20
Katie,Hill,"45106 Roman Lane Suite 122 Davidfurt, CA 88928",1948-03-20
Selena,Dunn,"PSC 0420, Box 0425 APO AE 73437",1939-10-30
Alyssa,Jackson,"307 Parker Locks Apt. 691 Lake Brittanymouth, AR 50612",1973-07-17
Sharon,Phillips,Unit 0101 Box 1186 DPO AP 75929,1982-06-26
Austin,Thomas,"089 Fernandez Streets Suite 391 Josebury, MT 18580",1970-09-09
Lisa,Terrell,"8550 Patrick Orchard Apt. 995 Stevenmouth, OH 23902",1966-08-05
Clinton,Thomas,"921 David Fort Suite 660 North Austin, AZ 62444",1938-11-24
Paul,Walker,"2815 Mcmillan Courts North Josephburgh, CT 14389",1926-06-01
Briana,Hill,"619 Christopher Mill New Eric, MH 27990",1917-08-22
Hannah,Newton,"274 Russell Highway Apt. 987 Port Gwendolyn, MN 58955",1965-11-27
Ashley,Cobb,"499 Robert Fords Suite 059 West Cindyhaven, WA 75164",1935-01-13
Tommy,Gonzalez,"315 Rebecca Drive West Carmen, MP 75924",1970-08-04
Jacob,Horne,USS Beasley FPO AA 56447,2012-06-27
William,Ortiz,"781 Gina Throughway North Jasonchester, AZ 49151",2015-02-15
Stacey,Smith,"029 Brian Harbors Jamesfort, WY 36814",1961-02-01
Tony,Miller,"52195 Melissa Manor Suite 430 Spencerfurt, CT 85725",2005-03-24
Katherine,Marks,"9175 Benjamin Mount Apt. 763 Alexandriashire, MA 79645",1976-08-20
Susan,Gibson,"73808 Joel Rest North Alisonchester, OH 23258",1939-04-23
Stephanie,Wyatt,"5727 Pineda Camp Suite 630 New Jeffrey, TX 75279",1935-06-20
Angela,Green,"535 Tyler Plaza West Lisa, CA 20373",2015-02-26
Deborah,Williams,"19096 Gonzalez Courts Parkerland, PR 32716",1993-12-15
Jesus,Lawrence,"285 Joy Junction Michaelbury, ME 94499",2020-02-23
Deborah,Harper,"330 Walker Unions Justinfurt, ID 92493",1935-04-30
Hayden,Whitaker,"248 Clark Spur Apt. 882 Lake Robert, MT 97781",1962-02-07
Stephanie,Mack,"2021 Jones Knoll Suite 204 New Christinamouth, GU 94335",1984-05-15
Dean,Guzman,"786 Matthew Junction West Jamesborough, LA 05681",1938-01-17
Casey,Miller,Unit 9542 Box 5819 DPO AE 50231,1980-02-07
Vanessa,Webb,"63226 Murphy Mill Apt. 764 Lake Christina, MP 83019",1944-02-03
Thomas,Young,"52457 Austin Mews Suite 163 Davidstad, MI 45329",1985-04-15
Jon,Wilson,"02878 Johnson Turnpike Suite 680 East Bradley, GA 68965",1955-04-13
Laura,Johnson,"PSC 4772, Box 6466 APO AP 79108",1941-12-22
Joseph,Vance,"PSC 9648, Box 1621 APO AE 41838",1928-07-08
Todd,Martin,"9169 Heather Corner South Taraport, MI 95110",1959-12-06
Aaron,Moore,"452 Hernandez Village Lindseyborough, MT 78751",1961-01-18
Peter,Lopez,"08191 Hughes Stravenue Apt. 184 Markland, VT 75907",1923-11-14
Christopher,Rodriguez,"7261 Calhoun Lane Apt. 458 Dixonton, AS 01395",2004-10-27
Jason,Hall,"47778 Jennifer Overpass Martinezmouth, ME 46705",1965-02-01
Trevor,Morris,"PSC 7231, Box 3705 APO AA 12264",1982-12-26
Tanner,Jones,"09285 Kari Alley Apt. 710 Herbertland, PA 86716",1984-06-16
Blake,Patterson,Unit 7217 Box 5356 DPO AA 66405,2024-01-21
Stephen,Williams,"PSC 1630, Box 8263 APO AE 94477",1932-09-03
Amanda,Johnson,"16113 Banks Ridge Apt. 870 West Philliphaven, TN 22192",1929-12-16
Angela,Vaughan,"808 Davis Burg Meyersborough, AS 97619",1990-10-08
Misty,Miller,"8148 Brian Rest Port Randy, PA 82274",1972-01-09
Shane,Anderson,"090 Rose Squares Apt. 797 Peckberg, NH 91586",1925-11-14
Scott,Christian,"034 Terry Corner Josephville, AZ 46629",1921-11-21
Jessica,Gonzales,"6383 Roberts Fields New Anthony, AZ 90731",1978-10-14
Maria,Andrade,"81567 John Shore Smithmouth, IN 57310",2020-10-17
Krista,Edwards,"829 Herman Divide Kellyside, PA 15809",1974-09-20
Lauren,King,"02685 Dunn Mountain Terrellborough, MA 12522",1962-05-25
Keith,Maldonado,"8048 Laura Valley Greenstad, CA 19614",1932-11-14
Allison,Brandt,"326 Spence Gardens Castilloshire, OK 39125",2018-04-24
David,Hurley,"325 Teresa Inlet Taylorton, VT 11625",1973-03-24
Sarah,Jones,"910 Stephen Union Arellanoton, AR 31456",1958-04-25
Frank,Hobbs,"27767 Bowers Pike Suite 832 North Sherri, OK 53553",2001-11-18
John,Foley,Unit 4039 Box 0392 DPO AA 07840,1982-12-29
Alan,Martinez,"016 Wagner Vista Suite 848 East Katherine, PR 59399",1977-03-04
Tiffany,James,"6200 Tim Court Suite 414 North Samanthaside, LA 73187",1966-04-17
Theodore,Chapman,"6212 Bruce Terrace Apt. 824 Lake Michael, AR 90744",2007-02-19
Gregory,Hamilton,"4794 Joanna Glens South Rickview, OH 93040",1950-06-06
Dan,Nunez,Unit 6014 Box 5404 DPO AA 55893,1913-06-16
Mary,Baker,"18030 Maynard Station Curryport, WV 86713",1955-01-27
Joshua,Stafford,USNS Rogers FPO AE 59915,2017-12-27
Alexandra,Hill,"PSC 7010, Box 8193 APO AA 28080",1942-02-26
Katie,Silva,"74505 Jessica Turnpike Lake Richardfort, VI 17267",1930-06-24
Crystal,Gutierrez,"5695 Lopez Street New Adam, SD 69025",1981-10-28
David,Patrick,USNV Brown FPO AE 40761,1997-11-29
Christina,Jackson,"80869 Roberts Wells Pamelastad, NH 72239",1931-01-12
Caleb,Vargas,"728 Gray Islands New Jeffrey, AZ 24568",1962-10-20
Bobby,Butler,"6787 Hess Green East Diana, NC 05529",2010-12-15
Cindy,Fernandez,"94986 Craig Avenue Michaelborough, IL 68607",1966-12-09
Beth,Marshall,"112 Jose Knolls East Frank, HI 82537",1967-11-14
Norma,Pierce,"6656 Callahan Mission Apt. 328 Jessemouth, MH 75937",1929-12-14
Terrance,Jones,"8760 Tracy Throughway Jamesville, WI 17673",2001-04-29
Jennifer,Jenkins,"830 Edward Village Apt. 464 Duncanside, HI 96436",1950-07-15
Dawn,Roberts,"04693 Bethany Mountain North Rhonda, GA 36558",1993-12-27
Daniel,Gross,"33095 Timothy Village Apt. 036 Harrisonville, KS 32509",1931-12-21
Andrea,Delacruz,"8833 Meyer Walks Apt. 321 Torresfurt, MS 34140",1946-06-26
Timothy,Mccarty,USS Lewis FPO AP 05875,1932-04-04
Jonathan,Peterson,"844 Turner Glen Suite 923 Dianabury, TN 52038",1964-08-28
George,Gomez,"2390 Ruiz Knolls Apt. 211 Port Ashleyland, VI 78994",1908-11-03
Edward,Strickland,"407 Sara River Apt. 915 South Nancy, TX 39429",2001-12-04
John,Gamble,"0451 Hughes Mountains Suite 650 Kristaview, MD 37462",1928-02-13
Ian,Bray,"2145 Krista Place Diazport, NC 46923",1943-05-06
Paul,Ward,"726 Patrick Heights Christinaport, WV 39966",2020-06-02
Julie,Krause,Unit 9343 Box 3169 DPO AP 74765,1975-12-10
Matthew,Collins,"PSC 5195, Box 2456 APO AE 08680",2016-07-16
Isaiah,Hall,"288 Stevens Mall Tuckertown, MH 42571",1919-09-25
Katrina,Fuller,"50930 Patel Green Adammouth, TX 33107",1973-12-20
Joel,Thompson,"643 Hale Overpass Stevenport, CT 52716",1992-07-02
Craig,Ward,Unit 4149 Box 2642 DPO AP 99733,1981-01-22
Olivia,Sandoval,"7099 Martin Oval Suite 437 Jeanmouth, GU 44109",1966-02-13
Susan,Ruiz,"6549 Kristen Canyon Suite 969 Rileyview, MS 96592",1984-01-04
Susan,Garner,"69420 Katie Glen Suite 165 North Philipberg, OR 01039",2001-11-29
Kimberly,Roberts,"6471 Angela Lane Apt. 434 Bartonmouth, DE 47269",1991-10-05
Allison,Short,"6147 Hooper Circle Clarkmouth, MP 80386",1995-04-18
Maria,Hernandez,"3862 Rowe View Suite 656 Thompsonbury, FL 93137",2000-11-15
Connie,Wang,"94420 Heather Radial Suite 802 Rodriguezburgh, MD 11931",1923-11-21
Peggy,Collier,"23774 Walton Orchard Thomasland, CO 77035",1958-10-24
Ana,Ramirez,"176 Tucker Mountains New Teresa, WI 75783",2012-05-25
Alexander,Benton,"25061 Rodriguez Landing Lake Jennifer, TX 46162",1998-12-02
Tammie,Nguyen,"054 Harris Common West Melissa, MN 97255",1999-05-17
Walter,Lopez,"5059 Medina Plaza East Melissastad, TX 65136",1922-10-25
Kathleen,White,"00565 Thomas Harbor Suite 556 Paulchester, WI 04085",1981-10-17
Christopher,Vega,"289 Arroyo Spring Apt. 400 Arnoldberg, UT 40367",1983-05-07
Sherry,Phillips,Unit 4110 Box 2290 DPO AE 32131,1913-01-04
Karen,Rhodes,USNS Morris FPO AE 29639,1993-02-12
Aaron,Wilkerson,"7393 Davis Mission Katieview, ME 74288",1957-12-16
Andrew,Wagner,"PSC 4502, Box 1159 APO AP 17904",1966-11-29
Shane,Chavez,"533 Coleman Mill Annehaven, OR 31226",1944-12-26
Steven,Smith,USCGC Bridges FPO AE 49749,1977-12-28
William,Randolph,"1423 Weber Ports Jamesport, ID 06593",2009-07-28
Paula,Nunez,"243 Smith Dale Port Jacob, DE 50654",2023-11-04
Sarah,Arnold,"3288 Christopher Terrace North Stephenside, IN 31819",1962-11-22
Teresa,Duke,"54004 Marquez Court Brownfort, NV 48849",1919-09-23
Emily,Stevenson,"261 Robert Greens Lindseyborough, NH 29969",1982-01-05
Kelly,Morrison,"65249 James Track Lake Kendra, NJ 30458",1937-01-10
Luis,Shields,USS Stephens FPO AA 51793,1926-10-19
Courtney,Ortiz,"3590 Tasha Turnpike Apt. 491 New William, MH 65678",2009-01-24
Sara,Fletcher,"2089 Huang Plaza Suite 295 South Jennifer, ND 15292",1953-12-12
Gabriel,Moore,"PSC 8325, Box 5489 APO AA 92456",1947-09-04
Ebony,Wolf,"212 Daniel Streets Jodyshire, VI 01507",2011-10-18
Melissa,Cain,"7478 Wesley Ranch Thomasland, KY 49100",1909-01-01
Mark,Gibson,"7786 Sherri Rest Apt. 681 South Josephfort, CT 64569",1967-12-19
Christopher,Braun,"7517 Ryan Trafficway Apt. 708 New Kelly, MT 10116",2024-06-08
Allison,Brown,"507 Maddox Well Apt. 258 North Rosemouth, DE 72308",1961-09-25
Patricia,Mendoza,"682 Erin Ranch Apt. 419 East Deborahton, PW 16138",2018-03-23
Kristen,Krause,"710 Duffy Via Suite 374 East Mark, IL 56305",2015-05-10
Laura,Berger,"PSC 4496, Box 6591 APO AP 60740",1968-07-12
David,Flores,"4246 Julie Road Apt. 635 Lake Tonya, ID 48686",2011-04-08
Michael,Mcmillan,"369 Krystal Plaza Suite 551 New Brandon, MO 70962",1941-11-02
Kathryn,Rogers,"16824 Johnson Dam Lake Lawrencefurt, WA 62063",2019-12-25
Luis,Holland,"691 Allen Alley Nicoleville, MT 87621",1936-08-05
Howard,Hunt,"1625 Carroll Creek Apt. 069 New Michael, LA 44652",2020-06-12
Todd,Gilbert,"27782 Contreras Meadow Suite 826 Rachelfurt, SC 41285",1926-10-22
Patricia,Long,"8493 Donald Route Apt. 362 Kathybury, ND 02756",1944-09-08
Richard,Rodriguez,"750 Smith Ville Millerview, NH 40234",1933-12-24
Paul,Barker,"7391 Nathaniel Camp Apt. 885 Lake Elizabeth, KS 39841",2018-02-27
Bonnie,Gray,"6763 Anthony Plaza Suite 293 Christineville, VA 31343",1937-11-06
Lori,Morrison,USS French FPO AE 66441,1960-01-24
Kelly,Drake,"3292 Aaron Island North Krystalmouth, FL 56540",1982-07-27
Elijah,Miller,"233 Nielsen Trafficway Jonathanfurt, VI 49722",1952-09-13
Glenn,Richmond,"714 Lopez Canyon Suite 171 East Maryberg, TN 90217",1926-07-18
Andrew,Miller,"9790 Cardenas Landing South Amberhaven, MN 91660",1965-03-11
Jack,Rodgers,"503 Cooke Shoal New Brianna, TX 81207",2007-10-13
Jared,Berry,"00792 Rachel Tunnel Johnsonbury, FM 65242",1937-03-03
Dylan,Miller,"5634 Davis Meadow Suite 183 Christopherhaven, IL 67634",1952-03-07
Stephen,Martinez,"93603 Ryan View Apt. 216 Port Daniel, SD 01681",1950-04-09
Sheryl,Garrett,USCGC Rodriguez FPO AP 84322,1916-11-28
John,Campbell,"342 Lowery Creek Johnsonbury, VA 67966",1917-06-13
Kyle,Cunningham,"1785 Allen Mountain East Shawn, ME 22337",1992-04-04
Michael,Pierce,"84226 Aaron Ramp Townsendburgh, CO 63214",1972-03-10
Jason,Jimenez,"89034 Krueger Canyon East Michaelberg, FM 09237",1998-01-30
Emily,Schwartz,"9499 Moore Canyon West Elizabeth, FM 63975",2016-11-15
Jennifer,Shields,"7985 Smith Place Geoffreyborough, ID 68348",1938-06-10
Joseph,Smith,USCGC Riley FPO AE 29483,1983-07-06
Erin,Thornton,"548 Nathan Key Harrisburgh, IA 41703",2013-10-06
Derek,Stuart,"3583 Robert Trail Apt. 331 Port Walterport, KS 25444",2023-05-08
Erika,Mitchell,"79347 Watkins Mountain Apt. 552 Carlsonview, GU 69771",1936-12-07
Michael,Garcia,"5055 Maria Views Suite 378 Hooverbury, GU 07245",1919-06-02
Jessica,Wilson,Unit 6856 Box 0561 DPO AA 10544,1993-01-18
Maria,Cantu,"8510 Berry Villages New Stephen, NH 60374",1934-03-14
Ashley,Cox,"68793 Donna Park Thomasland, DC 61542",1962-02-20
Christy,Christian,"084 Mejia Islands Port Rebekah, NJ 57032",1924-04-07
Paul,Riley,"31422 Edgar Lake Suite 436 Powellside, MP 33872",2014-03-11
Madison,Christensen,"256 Garza Stravenue Gardnerborough, AK 27132",1997-06-10
Louis,Roth,"113 Martinez Forks Mirandaburgh, NJ 96359",1963-01-10
Jason,Dawson,"PSC 7529, Box 3714 APO AE 43532",2016-07-10
Darren,Melton,"13748 Sanchez Point Apt. 213 North Pammouth, RI 44056",1994-08-17
Michael,Clark,Unit 2128 Box 0741 DPO AP 67977,1995-10-10
Peter,Stewart,"21925 Bruce Shoal Suite 309 Kaylaport, NY 00921",1963-01-14
Megan,Mcmahon,"17916 Kelly Land South Joseph, NJ 61569",1991-11-08
Daniel,Brown,"45619 Brown Port Simmonsbury, OH 99085",1973-09-16
Olivia,Moss,"240 Hunter Shoals North Courtney, MN 65898",1973-12-21
David,Spencer,"2436 Edward Club Derrickfort, NV 67878",1944-05-26
Roy,Fox,"0506 Angela Well Apt. 357 New Tylerport, PA 28102",1932-01-14
Rachel,Newton,"5247 Cochran Road Suite 839 West Marissa, WA 67242",2014-06-04
Terry,Bell,Unit 5227 Box 7944 DPO AA 26171,2019-04-05
Scott,Avila,"457 Hendrix Extensions Suite 286 Tashamouth, OR 47747",1981-07-15
Cory,Collier,"1425 Espinoza Valley New Richard, HI 79255",2022-03-10
Veronica,Vargas,"04001 Stacy Walks Apt. 434 North Brandon, ND 25869",1964-03-15
Darren,Sanders,"7000 Scott Viaduct Suite 345 South Erinberg, NY 75134",1918-10-25
Danny,May,"9736 Gina Shoals Apt. 297 Debramouth, DC 70806",1948-01-25
Joshua,Gonzalez,"4679 Mark Key West Brianland, IA 09745",1999-07-18
Michael,Williamson,"473 Robinson Ferry Suite 830 Lewisbury, RI 05163",1981-08-04
Colin,Boyd,"128 Vega River Davidshire, MS 30023",1913-09-04
Matthew,Bishop,"PSC 5682, Box 3992 APO AP 36796",1949-07-29
Katrina,Mcdonald,"8555 Beverly Brook Richside, UT 43823",2005-03-31
Jill,Jackson,"77738 Stephanie Inlet Suite 810 Robertborough, AK 71183",1919-03-12
Nicole,Nixon,"385 Antonio Forest Suite 178 Gomezburgh, RI 74785",1960-06-01
Marc,Clark,"659 Dixon Pines Suite 810 Sandraside, MO 18122",1943-11-24
Richard,Rodriguez,"05014 Mckenzie Loop Richardchester, NY 39149",1962-12-03
Don,Gutierrez,Unit 5753 Box 1059 DPO AE 18826,1915-11-20
Heather,Stevens,"958 Andrew Key Suite 612 Douglashaven, WI 68495",1958-05-13
Tammy,Mitchell,"25357 Brian Hills Bryantside, MA 44742",1943-10-08
Chelsea,Brown,"PSC 8120, Box 5680 APO AE 25276",1988-06-30
Joseph,Robinson,"723 Billy Radial New Christianfurt, SC 40102",1981-02-28
Nancy,Owens,"4227 Patrick Skyway Suite 991 North Amberborough, UT 01181",2005-02-28
Crystal,Young,"438 Rodriguez Summit Dalestad, LA 13706",1962-02-05
Sandra,Anderson,"20698 Schwartz Parks Lake Daniel, WI 20126",1961-07-12
Amy,Jones,"184 Jessica Extensions Meadowsstad, MO 04360",1980-04-25
Tonya,Jordan,"281 Jessica Rapid Danielmouth, WI 41986",1910-07-22
Denise,Garcia,"426 Thomas Route New Nicole, WA 18860",1999-07-04
Seth,Floyd,"4793 Patricia Passage Apt. 274 Leetown, MN 33586",1975-06-30
Benjamin,Henderson,"3819 Koch Mews Apt. 532 West Jesse, SD 90145",1909-08-14
Edgar,Davis,"93976 Anna Shoal Apt. 977 West Kelly, NH 48365",1983-02-09
Amy,Jenkins,"638 Lane Spur Suite 076 Huffmantown, NY 96377",1936-06-01
Andrew,Murphy,"62724 Robert Via Suite 490 North Ashleebury, MO 84991",1993-01-11
Zachary,Goodwin,"51574 Harper Manor Suite 162 Port Kimberlystad, AR 95006",1935-11-26
James,Fitzgerald,"88419 Charles Mills Apt. 277 Sierraborough, FL 31409",1930-02-27
Teresa,Brown,"0939 Travis Overpass Port Johnburgh, UT 50256",1982-09-06
Christopher,Williams,"02955 Hill Ramp Suite 054 West John, CT 45907",1922-04-18
Jeffrey,Jackson,"7455 Huerta Mews Heathertown, SD 67787",1983-06-06
Angela,Thompson,"787 Fritz Cove Hoburgh, MO 39572",1975-04-30
Stacy,Johnson,"2564 Michael Lodge East Williambury, OH 99616",1976-06-09
Kenneth,Henderson,"7356 Stacy Lodge Suite 264 East Rebekah, MD 48457",1928-03-04
Jay,Pena,"4798 Callahan View New Christopherside, MI 56277",1988-03-06
Diamond,Sawyer,"997 Krystal Points Lake Jon, IL 70231",1915-06-11
William,Lewis,"70929 Fleming Vista North Catherine, VA 25316",1925-12-12
Antonio,Weaver,"629 Arthur Extension Apt. 246 New Elizabethberg, DE 21809",2007-08-15
Peter,Goodwin,"2200 Harrell Lane Lake Scott, WV 01399",1982-12-05
Robert,Cox,"96502 Dennis Port Suite 645 North Christopher, NY 70046",1956-08-07
Michelle,Stephens,"3597 Robert Field Donnaside, HI 58086",1981-09-18
Jonathan,Miller,"337 Bryant Squares Julieton, MA 41087",1927-11-13
Dominique,Torres,"4396 Malone Plain Apt. 431 Galvanstad, WY 64752",1967-07-22
Matthew,Anderson,"5112 Dana Summit Port Paulshire, GA 46058",1926-06-23
Catherine,Noble,"1967 David Mountain Vaughnton, VT 67485",1932-10-07
Molly,Edwards,USCGC Scott FPO AE 07112,2018-12-17
Angela,Stone,"4354 Kayla Trail New Markfort, IA 89272",1960-11-15
Kristen,Walker,"8579 Johnson Plaza West Scott, NH 35242",1945-12-30
Dorothy,Lee,Unit 8692 Box 8047 DPO AP 35404,1910-02-16
Kimberly,Townsend,"95339 Ramirez Ferry Caseyfort, MN 42913",1961-04-17
Dawn,White,"48395 Summer Greens Nicholemouth, NE 75108",1957-09-26
John,Fritz,"3414 Cook Ranch Suite 909 Meadowsfort, NE 49109",1937-09-17
William,Bell,"570 Jimmy Ridges Port Chad, KS 54414",1989-06-28
Matthew,Austin,"21544 Smith Isle New Petershire, KS 71774",2007-06-13
Jennifer,Price,USNV Wheeler FPO AP 28977,1979-09-16
James,Armstrong,"47243 Cassandra Lodge Suite 328 Kevinland, WY 28159",1969-10-26
Craig,Odom,"969 Johnson Shoal Moranberg, PR 92592",1946-01-20
Alexander,Phillips,"809 Carlson Mission Hollandborough, GU 64147",1914-05-26
Amy,Wilkinson,"14883 Donna Port Jenniferport, NH 73955",1952-08-24
Michelle,Jones,USNV Reynolds FPO AA 20710,1912-12-22
Joseph,Evans,"651 Kyle Lane North Amy, NM 33477",1942-01-08
Melanie,Thompson,"412 Ferguson Knoll Laurenville, MN 97567",1978-12-04
Paula,Douglas,"52062 Chelsea Isle Brianborough, GA 26718",1972-12-02
Lauren,Fisher,"1307 Crystal Terrace Suite 577 Wiseburgh, CA 13459",1972-02-17
Robert,Todd,Unit 9226 Box 6375 DPO AA 71758,1955-11-27
Melissa,Park,"099 Curtis Crossroad Apt. 214 South Kendratown, IN 08397",1935-08-20
Paul,Gray,"25298 Ethan Path North Wendy, GA 34475",2011-10-06
Anna,Edwards,"07752 Timothy Spurs Apt. 739 Timothyside, AS 16385",1959-03-10
Victor,Brown,"0321 Cook Shoal Lake Alan, UT 17125",1958-04-18
Beth,Phillips,"787 Johnson Dale Ericport, CA 31415",2010-06-05
William,Dennis,USS Diaz FPO AE 90608,1957-03-30
Morgan,Norris,"12621 John Crossroad Larsonfort, TX 15978",2014-04-16
Jesus,Sweeney,"99638 Patterson Mountain Suite 113 Wolfshire, FM 66236",1955-12-03
Brittany,Romero,"573 Rowland Lake Suite 179 Port James, DE 52444",1937-06-02
Tammie,Coleman,"2069 Page Coves Sarahfurt, KY 04150",2008-02-03
Donna,Reeves,"07464 Christine Branch Nicholston, MD 82598",1923-04-25
John,Edwards,"518 Thomas Burgs Boothborough, UT 97967",1966-10-28
Teresa,Smith,"6625 Stephanie Meadows East Susan, MN 75597",1975-04-14
Mario,Bullock,"814 Hess Lock Lambfort, NH 45227",1936-10-10
Jerry,Bennett,"12956 Randy River Flynnchester, PW 40622",2021-07-01
David,Williams,"639 Timothy Hill Apt. 971 Stevenhaven, NM 41891",1976-07-12
Charles,Ward,"26145 Molina Wall Suite 040 Richardfort, AZ 63873",1916-10-22
Adam,Huff,"901 Curtis Passage Lake Jessica, AR 79997",1950-10-01
Joshua,Allen,"116 Emily Street Suite 400 Mooreport, NV 48732",1937-03-05
Megan,Scott,"0203 Lawrence Mountain Apt. 111 Lake Michael, ID 71176",1931-02-10
Richard,Robinson,"PSC 0382, Box 8249 APO AP 81197",1921-03-02
David,Alvarez,"6340 Rice Underpass Suite 686 Port Kevin, CA 77216",1948-02-08
Tina,Ingram,"038 Stafford Turnpike Suite 626 South Michele, ME 79320",1908-11-10
Aimee,Larsen,"3081 Potts Pass Montesview, VA 23716",1972-10-22
Kelly,Murphy,Unit 7315 Box 5605 DPO AA 90137,1967-03-17
Sheryl,Parks,"131 Roberson Passage Thomasstad, DE 31475",2022-03-29
Carlos,Simpson,"601 Smith Circle Apt. 649 East Stacy, PA 91518",1945-07-27
Leslie,Roberts,"PSC 9329, Box 2148 APO AE 25000",1981-01-30
Todd,Martinez,"08416 Andrew Shoals Chenbury, IL 96442",1953-06-25
Douglas,Lee,"972 Jeremiah Expressway Suite 253 Petersontown, WI 97054",1920-08-20
Devin,Cole,"002 Chen Passage West Sarahchester, NV 71184",1987-05-18
Sandra,Hernandez,"0358 Walker Shoals Suite 594 Johnsonmouth, SC 33423",2016-01-15
Johnny,Garcia,USNS Ward FPO AP 93586,1910-06-17
David,Stone,"777 Jason Curve Klinefort, TX 13983",1951-06-08
Kimberly,Chavez,"40831 Billy Trace East Brad, AK 65708",1941-02-28
Timothy,Hayden,USNV Shaw FPO AE 87146,1935-09-27
Michael,Jackson,"66110 Miranda Plains South Steven, HI 71931",1926-01-01
Jennifer,Adams,Unit 7585 Box 6222 DPO AE 26562,1914-09-24
Andrew,Morales,"PSC 3980, Box 9943 APO AP 01658",1996-02-04
Lorraine,Cross,"914 Bender Vista Suite 287 South Sandra, CA 71769",1996-02-01
Sarah,Le,"438 Gary Vista New Jeffrey, TN 16170",1992-05-21
Bruce,Lloyd,"4501 Wolf Ramp New Heather, IL 35521",1987-12-25
Alyssa,Nixon,"4376 Davis Plains Suite 065 Lake Maurice, VT 69396",1936-05-09
Jose,Obrien,"76557 Clarke Turnpike Suite 264 New Margaret, RI 46724",1993-08-21
Jacqueline,Gonzales,"3915 Meghan Shoals North Kimview, NV 95654",2020-10-30
Christopher,Jones,USNV Ballard FPO AP 31875,2015-08-14
John,Chambers,"429 Lambert Fork Suite 609 Destinyton, WV 94561",1954-04-07
Christina,Ramirez,"6926 Morgan Shoal Suite 645 Longville, WY 66091",1916-03-15
Derek,Murphy,"434 Nicole Groves Brewerborough, WY 76400",2015-05-05
Sarah,Wilson,"378 Preston Groves Port Patricia, PR 75836",1918-10-21
Daniel,Ward,"0929 Mary Grove Apt. 583 North Sharon, NH 45864",1985-01-27
Latasha,Sherman,USS Johnson FPO AE 10004,1988-06-18
Frank,Alvarado,"146 Wilson Roads Suite 308 East Natashaville, IL 57337",1915-02-17
Ronald,Rogers,"512 Lam Brooks West Jeffrey, UT 52673",1960-08-23
Courtney,Martinez,"5384 Singleton Crest Edwardshaven, AS 83658",1999-06-10
Heather,Jones,"2318 Jones Point New Stephenmouth, MI 17370",1910-12-20
Michelle,Shepherd,"1105 Meyers Glen Suite 995 Anthonychester, CA 60403",1955-07-03
Morgan,Burnett,"948 James Haven Apt. 654 Meganborough, NH 20231",1976-10-31
Rachel,Thornton,"571 Savage Rest Kathrynstad, NJ 47207",2007-01-16
Marie,Meyer,"PSC 1069, Box 8482 APO AA 42422",1925-12-18
Kathryn,Simpson,"06682 Sandra Street North Megantown, HI 35435",2005-10-03
Heather,Moreno,"387 Charles Union North Rebeccaland, WY 92803",1961-03-02
Carolyn,Wilcox,"364 Sanchez Roads Apt. 198 Katherineberg, IA 30148",2004-01-15
Leslie,Jones,"65728 Greer Row Suite 745 Port Katie, OK 87419",1980-07-25
Anthony,Lee,"57967 Kevin Square Apt. 750 Veronicaburgh, ND 19399",2010-09-14
Christina,Lyons,"95859 Fitzpatrick Mill Apt. 925 Yolandachester, MT 75361",1989-06-11
Charles,Thompson,"6633 Tabitha Station Apt. 962 Sandrahaven, ME 62450",1988-07-18
Deborah,Shields,"5166 Eileen Tunnel Suite 467 Lake Williamside, DC 69438",2011-02-03
Heidi,Olsen,"PSC 2657, Box 9591 APO AP 33644",1972-12-09
James,Matthews,"7219 Johnson Circles Suite 678 Deborahfort, KY 11081",2011-04-03
David,Murray,"4916 Jessica Bridge Suite 272 Shermanmouth, AS 42002",1922-01-18
Devin,Welch,"8825 Robert Canyon Port Josebury, OH 79736",1914-11-09
Jessica,Nguyen,"47907 Nelson Tunnel Michelleport, AL 18275",1995-09-12
Steven,Houston,"49061 Ali Station Suite 892 North Andrea, GA 39363",1927-06-30
Joseph,Christian,"6107 Daniel Ville Mckeeland, VT 79045",2022-12-17
Thomas,Garrett,"7869 William Glen Robertbury, CO 74786",1974-02-13
William,Chen,"094 Spencer Rue Port Brittneyfort, PA 05309",1995-12-13
Kevin,Davis,"95722 Hunter Cliffs Apt. 936 Rodriguezport, HI 20177",2012-10-02
Robert,Steele,"3298 Cox Stravenue Mannfurt, KS 55633",2005-03-24
Danielle,Dawson,Unit 6531 Box 2038 DPO AP 02868,1963-12-16
Brittany,Gonzalez,"451 Haney Forges Suite 251 Lisaport, AK 05820",2000-12-05
Mackenzie,Hodges,"3135 Elliott Haven Apt. 499 Taylorhaven, ID 33843",1956-11-30
Shannon,Davis,USNV Crawford FPO AP 94189,1927-06-18
Lisa,Barry,"963 Bobby Lane Samuelmouth, CA 26865",1940-03-17
Anna,Dawson,"028 Stacy Overpass Aguirrefurt, MP 81949",1914-09-05
Connor,Becker,"2723 Shepard Ridges Suite 306 Smithchester, NH 66796",1926-09-16
Stephen,Parks,"92675 Tucker Mountains East Susanland, FL 90016",1961-10-23
Molly,Soto,"768 Wiggins Ports Suite 065 West Rebeccaberg, KS 09649",2005-04-21
Troy,Johnson,"65771 Angela Lakes Turnerbury, MN 22186",1942-07-02
Jasmine,Edwards,"PSC 7943, Box 8448 APO AE 64385",2023-04-15
Samuel,Peterson,"PSC 1559, Box 3875 APO AA 37766",1943-07-03
Andrew,Edwards,"78721 Smith Tunnel East Michaelborough, MN 73398",2008-06-16
Jose,Spears,"5641 Eaton Corners Suite 928 Sergiomouth, MT 72817",1980-06-30
Jason,Gonzalez,Unit 1035 Box 2365 DPO AA 82998,1954-11-13
Melissa,Gonzalez,"4100 Hernandez Garden North Shannonberg, IA 61076",2015-11-26
Dustin,Ford,"61772 Donovan Square Suite 520 Hinesmouth, KS 37100",1949-11-02
Barbara,Wilkinson,"89450 Gutierrez Stream Suite 174 Mezaview, VA 26583",1979-12-22
Jessica,Willis,"83923 Emily Summit Apt. 421 Lake Joseph, OH 89109",1932-06-19
Bobby,Adkins,"3827 Wallace Summit Krausemouth, SC 86109",2015-05-03
Jordan,Townsend,"4253 Manuel Valley Lake Brittanyside, OK 58562",2018-11-05
Paul,Glass,"8868 Williams Ville North Kimberlymouth, VT 26780",1939-07-31
Todd,Bryan,"3262 Harris Glens Apt. 046 Michaelport, NY 88952",1983-02-07
Alyssa,Brown,"9752 Kristen Union Apt. 879 North Crystalfurt, RI 72074",1951-05-16
Mary,Wade,"1083 Cody Bypass Williamsport, CO 42228",2009-03-04
Jonathan,Castro,"461 Arnold Forest Salazarstad, PR 58454",1997-01-04
Logan,Mercado,"80257 Patton Lock Suite 311 Carriestad, MD 09364",1952-06-15
Maria,Thomas,"55043 Meyer Ramp Webbport, GA 24313",1914-12-29
Holly,Williams,"866 Carroll Fields Maryburgh, FL 60995",2018-06-30
Phyllis,Todd,"28176 Luis Squares Suite 095 Hannahfurt, MN 00634",1942-03-22
Walter,Davis,"PSC 0508, Box 1415 APO AE 04586",1999-08-25
Jeremy,Guzman,"1216 Jennifer Fork Apt. 077 Mitchellton, WA 73321",1918-01-24
Paige,Woods,"24101 Scott Hollow Suite 809 New Martin, ID 40980",2018-02-26
Jessica,Stewart,"7084 John Spring Josephport, AZ 98487",2013-09-09
Lisa,Reyes,"68810 Anderson Overpass Wardfort, NE 70848",1965-12-14
Matthew,Matthews,"71595 Lane Island Suite 337 Marcustown, AS 08339",1942-07-23
Melanie,Watson,"561 Khan Ports Apt. 818 North Emily, WA 27774",1921-06-03
Robert,Blackwell,"814 Lopez Plains Apt. 990 Alexandrabury, DE 02788",1919-12-13
Justin,Adams,"5251 Brooks Stream West Kristenside, VI 31074",1975-08-12
Marie,Gray,"93982 Robert Gateway West Dustin, UT 23120",2003-10-03
Olivia,Salas,"2998 Rogers Plaza Apt. 985 Lake Samanthachester, DE 40857",1955-04-08
Dean,Johnson,"77274 John Junctions Kevinfurt, CA 91070",1998-08-18
Bryan,Leblanc,"6302 Rodriguez Crossing Suite 481 East Andrew, AS 55808",1985-08-05
Whitney,Powell,"903 Kevin Junction South Meredith, MT 75460",1936-07-02
Rebecca,Foster,"856 Ballard Inlet Dayshire, NM 75119",1959-11-23
Steven,Smith,"91992 Hart Lights Apt. 066 Haleside, MN 39615",1956-09-15
Anthony,Kennedy,"40730 Angel Wells South Justinville, MO 12078",2022-08-14
Gregory,Rodriguez,"188 Gomez Tunnel Lake Nicoleburgh, IA 34003",1911-01-05
Joshua,Johnson,"PSC 8234, Box 8326 APO AA 19310",1912-07-02
Derrick,Wright,"486 Williams Camp Apt. 233 Roberttown, WI 74129",1917-11-29
Jose,Smith,"80650 Yvette Prairie Suite 340 Gibsonton, ID 56379",1942-12-05
Lisa,Fischer,"20696 Nelson Crossing Apt. 387 Davidberg, TN 70951",2002-09-03
Angela,Love,"66770 Anderson Rest Suite 278 North Jeremyview, WV 81731",1921-06-20
Xavier,Andrews,Unit 8859 Box 8567 DPO AA 30170,1977-10-23
Danielle,Perry,"8306 Hoffman Wall Suite 150 Stephenstad, OR 86426",1943-06-28
Donna,Walker,"2499 Emily Road Jacksonmouth, KS 33953",1993-10-25
Richard,Young,"577 Evans Freeway Port Maryshire, GA 57230",1960-08-21
Kaitlyn,Mann,Unit 9425 Box 6194 DPO AE 72972,1948-03-07
Jeffrey,Silva,"PSC 8811, Box 8773 APO AE 68543",1923-01-01
Julie,Bailey,"767 Cooper Orchard Suite 722 Lake Donna, VA 34297",2022-07-07
Brandon,Padilla,"795 Bryant Ridges Suite 897 Jeffreyburgh, MA 91967",1987-12-07
Laura,Wade,"5173 Jones Path Suite 325 Knappport, MO 66249",1982-08-12
Juan,Stokes,"71993 Austin Spurs West Crystal, VT 11616",1938-07-07
Chad,Parks,"7062 Brandy Port North Brittanyberg, WY 59011",1956-07-15
Cameron,Navarro,"6916 Ramirez Inlet Suite 922 Lake Lisa, NJ 24383",1949-02-03
Kristie,Bell,"93476 Bautista Underpass Suite 172 Riggschester, OH 08860",2017-08-29
Melissa,West,"99920 Soto Haven Mindyborough, AK 70236",1958-04-18
Ethan,Wilson,"PSC 9153, Box 6982 APO AA 18875",1956-11-22
Richard,Small,"915 Brandi Falls Apt. 565 Patriciaside, MP 33238",1973-05-29
Richard,Hunter,"7365 Brian Ridges Apt. 361 Marshalltown, AL 18210",1951-09-20
Natasha,Arroyo,"97550 Medina Village New Thomasbury, KS 03271",1928-03-12
Andrew,Hunt,"956 Williams Squares Suite 151 Laraborough, VA 20110",1983-02-27
Angel,Gilbert,"48028 Smith Lake Apt. 684 West Molly, UT 83762",1924-07-28
Eddie,Villanueva,"18209 David Street Apt. 749 West Joshua, IL 01548",1969-03-26
Shannon,Juarez,"23501 Beltran Plains Suite 632 Ericberg, AR 27630",2017-02-11
Anthony,Baird,"5355 Craig Radial Apt. 235 North Michaeltown, ME 48815",1986-12-19
Sarah,Hobbs,Unit 7923 Box 3965 DPO AE 08130,1994-11-04
Richard,Gonzalez,"7595 Day Groves Nguyenberg, NE 17232",2005-07-29
Christopher,Fernandez,"8001 House Locks Bakerfort, NY 04853",2012-01-06
Scott,Freeman,"3190 Martinez Pass Suite 587 Robertport, SC 36028",1938-07-15
Lisa,Tucker,"191 Krista Lakes Apt. 529 Anthonyburgh, NJ 80031",1918-07-07
Bruce,George,"71821 Amy Plain Suite 690 Leechester, PA 07926",1927-08-28
David,Chavez,"26769 Destiny Ports Suite 300 Port Michellemouth, NJ 04838",1908-09-23
Cory,Armstrong,"648 Christopher Streets New Sheena, TN 05930",1993-03-05
Charles,Buck,"758 Fields Harbors Apt. 558 Leetown, OH 70758",1962-10-03
Ellen,Burke,"67866 Jill Squares Suite 154 Carrollhaven, KY 85203",1919-02-03
Joshua,Clark,"3230 Benjamin Fork Suite 436 Monicaville, MS 48606",1959-04-30
Dana,Nguyen,"1795 John Prairie Suite 174 North Rebeccafort, ME 09356",1935-09-26
Daniel,Parker,"231 Stephen Parks Port Brianport, FL 88949",1977-03-29
Kevin,Craig,"65537 Vincent Rue Chelseyland, TN 18610",1924-03-04
Laura,Moore,"5704 Amy Skyway Lake Catherine, IA 88683",1947-10-03
Lisa,Miller,"2721 Dylan Meadow Fitzpatrickberg, MD 91637",2016-07-20
Matthew,Vincent,"4463 Oconnor Pike Suite 745 Christianville, SC 87274",1948-01-31
Abigail,Carey,"8668 Williams Shores Suite 629 Angelaborough, VA 30559",1933-03-31
Cynthia,Love,"631 Charles Mount North Vincent, ID 76234",1961-08-14
Kenneth,Harper,"53021 Robin Views Suite 412 Lake Tamarafort, MD 49926",1913-08-01
Ian,Harrell,"83280 Stacy Station North Erica, CA 06138",1949-11-07
Amy,Aguilar,"522 Colon Junction Apt. 495 East Johnport, WY 70537",1934-01-30
Michael,Ellison,"9534 Jasmine Trafficway Barnettberg, MA 12298",2010-11-19
Mark,Petersen,Unit 0354 Box 3603 DPO AP 22738,1948-05-29
David,Walton,"70066 Nixon Harbor Hollowaystad, MN 28962",1988-09-30
Robert,Joyce,"415 Perez Crest Loweryport, GA 85059",1953-03-27
James,Campbell,"605 David Stream Suite 749 Kellyshire, AR 48122",1911-02-20
Paul,Ward,"25680 Paul Mills Tiffanyville, FM 17547",1943-03-20
Regina,Harris,USNV Swanson FPO AA 93352,2009-05-17
Robert,Hunter,"53740 Silva Field North Tara, NY 27268",1910-07-26
Charles,Murphy,"41853 Reeves Roads Suite 456 Lake Megan, PW 69478",2002-02-17
Mackenzie,Rubio,"188 Mason Key North Nicoletown, MP 16773",1956-11-26
Michelle,Lopez,"6856 Mary Meadows Shawfurt, MO 46724",1993-07-02
Casey,Ross,"388 Miller Locks Lake Richard, OK 62188",1926-05-10
Ronald,Wong,"52306 Wang Roads Mosesborough, UT 43637",2013-06-20
James,Williams,"6962 Teresa Ramp Apt. 765 New Monica, CO 69562",2012-04-13
Tracy,Ferrell,"710 Gregory Path Apt. 311 Jasminemouth, PA 63620",1985-04-04
Brandon,Snyder,USNV Chandler FPO AE 19361,1932-04-04
Tamara,Dunn,"PSC 3316, Box 8959 APO AA 75946",1926-12-20
Jerry,Johnson,"07379 Stacey Club Apt. 307 New Christina, DE 53070",2001-06-06
Richard,Pratt,"1636 Nash Estate South Cindychester, CT 09338",1912-06-29
David,Cooper,"922 Rojas Brook Suite 889 Glennhaven, PA 01567",1942-08-08
Robert,Franklin,"70491 Susan Freeway Josephmouth, OH 20494",1973-08-03
Lindsey,Brown,"3219 Mitchell Mews Fullerfort, PW 05483",1953-11-17
Laura,Hogan,"5933 White Prairie Amandahaven, VT 48847",2002-10-29
Robin,Garcia,"0057 Payne Vista Apt. 389 West Robin, MS 22803",1946-06-30
Tiffany,Barrett,"9943 Jocelyn Haven North Deannatown, WY 88775",1922-08-26
Mark,Smith,Unit 3252 Box 9003 DPO AE 29904,1993-06-21
Tabitha,Taylor,"2781 Sutton Tunnel Apt. 162 Susanhaven, CT 72449",1914-11-24
Alexis,Obrien,"95610 May Spurs Suite 464 Noblefort, NY 28937",1918-10-09
Kelsey,Mcconnell,Unit 0625 Box 4580 DPO AE 99380,1930-01-30
Brandon,Ortega,USS Jones FPO AA 80382,2021-08-04
Sean,Rowe,"0658 Dalton Via West Melissa, WI 45139",2008-08-14
Holly,Benton,Unit 5472 Box 2501 DPO AE 14089,1991-05-11
Jasmine,Robbins,"37431 Christopher Drive Apt. 820 West Victorfurt, ID 54641",1941-07-22
Victor,Schroeder,"72530 Todd Brooks Apt. 815 West Marcus, ND 30925",1936-05-15
Julia,Walker,"54718 Ayers Cove Hendersonfort, KS 17208",1937-10-16
Vincent,Hansen,"PSC 9466, Box 8998 APO AP 58359",1994-02-20
Guy,Miller,"17778 Thompson Road Weissville, NY 34195",1912-10-09
Christopher,Hernandez,"62024 Lee Square Davidborough, NY 25465",1993-09-24
David,Harper,"9058 Joshua Stravenue Suite 834 Aliciaville, KY 00730",1953-01-08
Robin,Larson,"83525 Emily Junctions Suite 591 Contrerasfurt, NE 05033",2000-06-12
Justin,Thornton,"24640 Craig Gateway Kellyside, TX 22290",1953-05-18
Lydia,Casey,"632 Chandler Drive Apt. 734 Williamland, AR 53078",1982-12-05
Maurice,Diaz,"992 Sarah Mountains Suite 079 West Amanda, WY 32867",1914-03-09
Michael,Gutierrez,"9583 Ross Glens Suite 447 Lake Jesseton, MA 12561",2005-03-11
Erica,Ramos,"00414 Devin Grove Suite 942 South Angelaview, VI 46596",1911-12-29
Christopher,Smith,"PSC 7938, Box 7546 APO AE 90062",1928-08-06
Amanda,Parker,Unit 7796 Box 3960 DPO AE 42607,1993-12-08
Alexandria,Porter,"70727 Crystal Shoal Dianabury, IA 84410",1925-07-01
Whitney,Kelly,"79846 Matthew Brook Banksburgh, WA 15506",1952-03-19
Bradley,Fox,"78038 Knapp Lock Selenahaven, PA 03108",1939-03-14
Jacob,Singleton,"79404 Moss Haven Apt. 570 Kimberlyberg, MP 81348",1972-05-30
Victoria,Smith,"375 Keith Street Suite 847 Hensleyhaven, GU 71708",2024-03-02
Theresa,Olson,"2139 Albert Stravenue North Sandrafort, PR 13983",2014-04-21
Patrick,Lucero,"3559 White Mountains West Tristan, VI 29658",1945-05-24
Robert,Mcfarland,"1440 Myers Circles Apt. 182 Kaiserborough, MA 33549",2005-10-01
Desiree,Thompson,"5223 Vaughn Flat Suite 364 Robinsonton, VA 64952",2020-10-31
Alan,Shepherd,"65748 Kimberly Mill East Robert, ME 54182",1965-06-29
Kelly,Morrison,"6861 Juan Vista South Patricia, ND 67207",1971-06-20
Dana,Buckley,"38410 Martin Orchard Castanedahaven, HI 85352",2002-04-17
Madison,Wilson,"394 Eric Mill Apt. 769 South Danielberg, GU 45570",1931-02-19
Christina,Davis,"696 Carpenter Street Lake Cameronstad, GU 33505",1974-10-02
Emily,Wilson,"07898 Jensen Brooks Suite 739 Lake Stacey, OH 63926",1995-05-19
Ashley,Miller,"179 Donna Ville West Christy, DE 30989",2024-02-11
Anne,Ellison,Unit 8642 Box 5307 DPO AE 80902,1916-09-12
Anita,Neal,"64739 Jennifer Divide Apt. 890 New Arthur, AZ 95448",1927-08-18
Luke,Cain,"9792 Christian View West Anthonyberg, HI 73230",2007-09-14
Jessica,Stark,"9201 Brandi Road Kimville, OK 79342",1916-08-14
Daniel,Wells,"26666 Michael Crest Kathleenshire, KY 51412",2015-11-27
James,Larsen,"12271 Benjamin Knolls Port Christopher, TN 52746",1967-11-12
Robert,Williamson,"41970 Nicole Junctions Apt. 969 South Derek, PR 49741",1931-11-12
Tom,Armstrong,"953 Jones Forest Jonesborough, OK 29861",2000-02-15
Anthony,French,"259 Andrea Mews Suite 402 Jacquelineview, MS 32509",1951-11-14
Michelle,Lynch,"443 Ballard Points Brucestad, VT 14800",1975-11-24
Jeffrey,Daniel,"90466 Martinez Harbor West Michelle, PA 06028",2008-11-06
Joseph,Parker,"804 Katherine Drives Suite 805 Mistyfurt, UT 24991",1958-05-25
Diana,Horton,"60584 Taylor Bypass Rachelton, MI 05451",1945-11-20
Kimberly,Ingram,Unit 6284 Box 5446 DPO AA 64721,2004-12-24
Scott,Sims,"3230 Nicholas Route Chungshire, FM 49596",2006-04-25
James,Hudson,"8155 Gray Brook Richardsonburgh, CT 13815",1975-08-27
Glenn,Young,"20026 Fuller Plains Suite 773 Brianton, MP 80291",1953-03-30
Brian,Taylor,"PSC 9536, Box 5665 APO AA 82556",1928-02-11
Misty,Dougherty,"3476 Santana Lights Apt. 703 Diazchester, SC 98241",1932-08-15
Christopher,Bryan,"01122 Smith Crescent Apt. 797 Tylerport, VT 72639",2021-11-01
Charles,Hernandez,"7595 Christopher Loop East Rebecca, WI 20255",1955-03-22
Jason,Kim,"9544 Brent Ville Josetown, VA 77444",1915-11-25
Jamie,Martin,"9339 Shelly Coves Apt. 668 West Marissa, MI 90537",2003-07-30
Cristian,English,"10514 Jacob Lodge Suite 594 Maynardbury, OH 46273",1957-01-20
Danielle,Morrison,Unit 9784 Box 8369 DPO AE 06597,1983-08-03
Katherine,Hull,"967 Perez Isle Apt. 873 West Javierstad, PR 41940",2007-06-22
Cynthia,Johnson,"01440 Swanson Points Apt. 149 Edwardport, KY 28196",1960-08-26
Kathryn,Cole,"24057 Miller Court North Charles, NV 59825",2013-09-07
Julie,Campbell,"61030 Jessica Dam Suite 409 East Carolynside, IA 59987",1982-10-11
Michael,Scott,"4895 Amy Oval Turnerport, PW 04773",2019-04-11
Sheryl,Rodriguez,"PSC 8685, Box 9481 APO AE 86244",1971-07-30
Diane,Hartman,"50318 Wilson Keys North Georgeport, MA 54427",1952-02-24
Autumn,Acosta,USNS Jones FPO AE 52074,1926-03-22
Katherine,Nielsen,"97182 Wright Forge Suite 057 New Amyland, RI 78616",1959-10-23
Diana,Brown,USCGC Watts FPO AE 54690,1965-10-13
Beth,Elliott,"44642 Hunt Branch Suite 594 South Alan, AR 30529",1924-02-10
Steven,Scott,"356 Manning Shoals Apt. 293 Jacobhaven, SD 50979",1947-02-25
Gabriel,Shaw,"375 Hill Roads Suite 718 North Elizabeth, WY 69568",1975-08-19
Christy,Green,"726 Herrera Key New Jeremy, NY 13635",1981-04-11
Adam,Schneider,Unit 0912 Box 7368 DPO AE 99129,1921-01-25
Christine,Williams,USNS Melton FPO AP 33847,1974-11-20
John,Adams,"8695 Billy Rest Michelletown, CO 69420",1951-10-17
Angelica,Johnson,"7616 Gross Island Apt. 046 Lake Ruth, VI 43053",1951-02-24
Amanda,Carlson,"9110 Michael Divide Lake Susan, AZ 88850",1932-06-30
Cathy,Peters,"43380 Gonzalez Junctions Obrienfurt, GU 32384",1989-08-09
Jason,Harrison,"5501 Yolanda Viaduct Adamstad, MH 94643",1926-07-30
Kevin,Smith,"PSC 1196, Box 1251 APO AE 26134",1946-11-24
Kyle,Gomez,"265 Davis Route North Kimberlyborough, DC 61227",1985-09-01
Matthew,Hughes,"30323 Juan Divide Apt. 883 Davidton, RI 66016",1946-11-11
Ashlee,Downs,"172 Russell Grove East Michaelton, PR 27897",1916-12-10
Kylie,Washington,"7216 Houston Spurs Apt. 302 North Christopherburgh, WA 78360",1945-06-29
Rebecca,Jackson,"PSC 8202, Box 7270 APO AE 67915",1974-01-12
Jon,Wilson,"7721 Sarah Fort Suite 463 West Josephside, OR 05641",1978-05-20
Tammy,Huber,"0221 Robert Keys Shannonstad, MP 69018",1990-02-05
Barbara,Stephenson,Unit 8878 Box 0225 DPO AP 41355,2019-07-31
Brian,Charles,"8626 Soto Glens Apt. 457 Port Stevenborough, IL 42023",1968-12-30
Veronica,Flores,"64041 Buchanan Trail North Tracy, OK 24257",1966-02-01
Alyssa,Evans,"7369 Foster Roads Suite 097 New Joshuamouth, OH 01356",1954-03-30
Charlene,Turner,"401 Richard Row Suite 734 Maysbury, IA 48977",2010-10-17
Matthew,Collins,"027 Joyce Meadow West Amy, OK 17760",2024-07-13
Jason,Campos,USS Aguilar FPO AA 70481,1910-12-27
Roy,Miller,"1100 Olson Stravenue North Matthewmouth, TX 41712",1996-10-17
Brooke,Harmon,"78705 Nicholas Cliff Sanchezstad, DE 09211",1926-07-19
Johnny,Byrd,USNS Edwards FPO AP 20970,1981-04-15
David,Mason,"9174 Charles Trail Apt. 578 Robertview, OR 78968",1951-08-17
Kimberly,Reyes,"0454 Mitchell Prairie North Justinland, AZ 08415",2021-11-18
Jason,Lopez,"1628 Andrew Way North Micheal, OR 45591",1949-04-07
John,Walters,"939 Bailey Shoal Apt. 465 Lake James, SC 58726",1932-07-18
Theresa,Cobb,"72580 William Cove Apt. 982 Floydmouth, KS 22031",1954-06-04
Andrew,Marks,"4970 Parsons Plain Ericburgh, SC 35940",1975-10-19
Jacqueline,Snyder,"4034 Rodriguez Cove Suite 525 North Justin, CO 34547",1991-09-12
Ashley,Burton,"15492 Sarah Point West Courtneyland, NY 92906",1966-10-07
Sandra,Mcbride,"40762 Julie Manor South Gary, MT 74568",1929-05-17
Jon,Jackson,"372 Craig Road Suite 768 Evansfurt, PR 29311",1922-06-24
Eric,Drake,"6158 Harold Fields Williamsberg, AL 16372",1956-11-22
Lonnie,Hayes,"7228 Gray Shoal Apt. 693 Charlesville, NE 19031",1966-02-12
Michael,Cordova,"5846 Chen Mountain Apt. 801 Jessicachester, FM 65755",1946-01-19
Natalie,Fitzpatrick,"699 Johnson Path New Joseph, OR 26152",1974-06-06
Nicole,Coleman,Unit 9493 Box 7178 DPO AE 16153,1987-12-11
Angela,Brown,Unit 9338 Box 2372 DPO AE 66168,1961-02-23
Chris,Li,"88748 Morrow Ports North April, FL 92444",1928-07-16
Thomas,Duran,"3779 Pacheco Stream Suite 804 New Garyburgh, AR 05967",1938-11-03
Deborah,Bennett,"50550 Holden Valleys Apt. 355 East Brittany, WV 31400",1923-02-12
Howard,Williamson,"0183 Sanchez Parkway East Jefferyville, MP 01438",1923-09-18
Desiree,Griffith,"0982 Wells Crest Garciashire, OR 48928",1991-06-27
Tammy,Rodriguez,"9486 Alvarez Plains Apt. 449 Lewiston, MP 63526",1976-07-02
Cynthia,Garcia,"080 Moore Meadows Johnstonshire, CA 68334",1961-03-31
John,Young,"1849 Anthony Springs Apt. 807 South Elizabeth, MS 76304",1988-01-31
Raymond,Wright,"437 Decker Shoals Apt. 673 West Steveside, VA 17722",1916-04-04
Alexander,Hernandez,"7996 Melinda Viaduct Apt. 308 Eddieport, VA 82258",1931-12-18
Christine,Russell,"154 Green Street Suite 351 South Samuelshire, VI 80707",1937-01-06
Alexis,Becker,"8907 Pittman Isle Allenchester, GU 08730",1952-10-05
Jessica,Adams,"029 Lloyd Mews North Ivanhaven, OR 23894",2013-12-23
Nicholas,Smith,"85617 Stephanie Tunnel Apt. 464 Shannontown, PR 23696",1990-09-10
Pamela,Smith,"500 Jennifer Forks Apt. 291 Lake Joshuafort, PA 54904",2016-08-28
Tiffany,Cuevas,"8080 Ryan Pass East Alexis, KY 14480",1979-11-20
Lori,Steele,"381 Jeffery Garden Apt. 064 Stricklandville, ME 64628",1925-08-14
Dana,Parsons,"92285 Cook Trail Apt. 328 North Brett, IN 30891",1975-01-25
John,Whitehead,"6118 Berry Ferry Suite 606 Port Matthew, GA 98393",1938-12-03
Daniel,Cross,"713 Toni Locks Apt. 053 New Kristy, AS 47708",1986-03-09
Angela,Jackson,"8751 Stephanie Summit North Nicole, CT 06929",1960-12-19
Taylor,Gregory,"04165 Jessica Wells Suite 274 West Karen, OH 36768",1913-11-08
John,Russell,"5026 Pamela Ranch East Lorifurt, CT 06038",1984-01-15
Robert,Ward,"593 Hutchinson Bypass Apt. 020 Castilloside, ND 21703",1919-10-12
Jennifer,Phillips,"79992 Thomas Spur Apt. 359 Port Margaret, CO 62143",1943-03-05
Melissa,Cruz,"1342 Schultz View New Kenneth, ME 62136",1938-05-26
Kevin,Dawson,"1870 Elizabeth Cape Apt. 681 Donnafort, NV 50676",1909-01-12
Jacob,Flores,"3765 John Drive Apt. 102 Port Nicholas, UT 95633",1934-12-10
Scott,Thompson,"426 Collins Corner Apt. 768 South Steveport, SD 63250",1939-01-28
Brian,Bradford,Unit 3528 Box 7498 DPO AP 35036,1913-03-11
Erica,Valentine,"259 Barron Mountain Suite 023 Donnastad, IN 49013",1993-07-27
Tony,Lang,"375 Perry Brooks Apt. 808 Amyland, MI 51011",1944-06-07
Christopher,Jones,"0683 Martinez Parks Apt. 743 Ericborough, MO 31834",1979-05-09
Brandon,Gray,"54511 Parker Lane Port Janechester, MN 35310",1929-09-29
Dominique,Lynch,"3892 Frank Hills Davistown, FL 22801",1986-10-22
Steven,Owens,Unit 0990 Box 9066 DPO AA 89104,1937-04-26
Beverly,Garcia,"308 Perkins Green Lake Brianburgh, PR 86866",1974-12-03
Janet,Novak,"97079 Soto Orchard East Cheryl, MT 15890",1922-06-15
Sara,Campbell,"6232 Alexander Views Suite 570 Port Tracey, DC 32014",1924-10-17
Brenda,Wood,"8932 Jessica Lake Apt. 993 Ryanbury, MD 34741",2020-04-27
Caroline,Kidd,"61849 Jeffrey Stream Paulmouth, OR 21732",1937-08-29
Thomas,Scott,"59388 Aaron Center North Jessica, KS 24894",1939-11-13
James,Sullivan,"00702 Brittany Gateway Apt. 927 East Allisonburgh, WI 01779",1997-06-23
Autumn,Duncan,"207 Haley Station Port Justinfort, NE 96035",2009-03-17
Rebecca,Graves,"94973 Farley Locks New Julie, RI 22469",1977-03-14
Russell,Russell,"0353 Timothy Mall Suite 291 Dixonberg, CT 25500",1995-03-20
Jonathon,Duffy,"28952 Martin Freeway Apt. 208 Hunterhaven, CT 82107",2022-07-26
Jeffrey,Fischer,"5437 Melissa Spur Suite 383 East Tammychester, WA 21671",1986-01-20
Andrew,Wilson,"73561 Morgan Creek West Noahchester, VT 34755",1919-07-19
Tim,Hernandez,"04618 Meza Creek Suite 725 Goodwinhaven, MA 45939",2010-04-06
Cheryl,Morgan,"319 Anderson Springs Suite 377 Riosfurt, SD 25333",1910-05-27
Douglas,Kirby,"08950 Jessica Crescent Deannaside, NJ 01198",1988-02-17
Hannah,Rich,"215 Molina Motorway Port Daniel, SC 42450",1987-12-24
Kathryn,Paul,"10456 Pearson Stream Suite 946 Hunterton, CO 71573",1999-06-22
Alyssa,Mitchell,"8802 Foster Vista Suite 248 Port Carolynshire, VT 06574",1927-05-05
Brent,Nguyen,USCGC Brown FPO AE 73375,1948-09-19
Diana,Hernandez,"16462 Thomas Cliffs Taylorburgh, KY 75031",1923-03-16
Omar,Foster,"199 Elizabeth Ports Greenechester, CA 71089",1979-03-07
Marissa,Lee,"67816 Logan Drive Apt. 488 Silvatown, NE 37038",1935-04-10
John,Davis,"34648 Johnson Track Joshuaton, MN 85508",1973-04-15
Bryan,Jackson,"09419 Atkins Point Port Ethanbury, CT 32908",1971-11-03
William,Turner,"990 Jennifer Fords Suite 570 Myersport, WY 95275",2012-08-16
Julia,Clark,"02141 Bishop Port Patrickview, ME 26253",1999-11-14
Robert,Ross,"506 Archer Skyway Suite 801 Campbellport, TN 60485",2020-01-05
Chad,Lopez,"424 Charles Village Apt. 827 Lake Randallmouth, PW 55207",1965-09-07
James,Watson,"4542 Katrina Forks Washingtonview, WI 93542",1956-10-19
Julie,Lowe,"34405 Justin Curve Apt. 412 East Vanessa, MI 26399",1998-10-05
Emily,Wood,Unit 2075 Box 7096 DPO AP 90449,2017-02-05
Jill,Smith,"665 Lindsay Port Christopherside, PA 39355",1993-12-23
George,Mills,"0258 Shawn Via Suite 023 South Deannamouth, DC 87668",1990-09-20
Matthew,Salazar,"200 Kent Lock New Catherineland, TN 87745",1942-12-31
Martin,Black,"53506 Shelton Lakes Perkinsborough, PA 89911",1951-06-01
David,Armstrong,"647 Jill Lake Hallland, OH 62000",1959-05-08
Anthony,Wright,"031 Patricia Loop Reeseshire, NY 52565",1992-11-09
Hannah,Thomas,"914 Stewart Fork South Alison, MP 35932",1935-08-26
Travis,Price,"0310 Samuel Manor Hurleyport, RI 06458",1951-09-09
Cynthia,Bailey,"0276 Jocelyn Prairie Apt. 221 North Michaelborough, MN 34147",2002-08-21
Katie,Duran,"836 Brock Locks Apt. 585 Port Davidbury, AL 66502",1911-01-01
Jonathan,Lowery,"2202 Sheryl Plains Phillipsstad, NV 12932",1947-10-08
Donald,Olson,"66226 Holly Place Rebeccamouth, GA 23524",1930-08-29
Lindsay,Andrews,"6214 Amy Spring Port Tony, GA 57927",1997-10-08
Justin,Stevenson,"431 Sierra Viaduct Apt. 445 Greerborough, OR 54640",1909-12-22
Michael,Knight,"0301 Christopher Road Apt. 216 West Ronald, WA 95862",1928-04-02
Jessica,Leach,"27515 West Ports Apt. 296 Kristyberg, CA 53423",1913-03-19
Rachel,Baxter,"12234 Daniels Knolls Apt. 391 Bishopland, AS 26901",2023-06-26
Casey,Lawson,"82869 Lori Islands Michaelberg, KY 67099",1928-09-09
Thomas,Anderson,"45616 Diana Summit West Petershire, KS 09019",1967-05-27
Christopher,Smith,"70744 Robert Squares South William, NJ 44690",1992-12-28
Tina,Young,"2588 Larson Crest Suite 497 Larsonfort, ME 99791",1909-04-09
Paul,Mayer,"2593 Justin Well Port Evan, ID 83921",1974-07-24
Melissa,Holland,"7009 Kelly Island Apt. 991 Port Gina, WY 45858",1974-07-22
Jeffrey,Mayer,"54451 Brown Turnpike Suite 962 West Deborah, HI 67658",1908-11-12
Brendan,Holmes,"690 Emily Islands Kirstenborough, WV 17853",1988-05-26
Miranda,Nguyen,"908 Lang Road West Robertberg, ME 38259",1989-07-01
Amanda,Martinez,"278 Brandy Drives Suite 404 South Waltershire, TX 89609",2003-08-21
Jose,Smith,"87959 Ford Squares Galvanhaven, IN 93858",1957-10-21
Michael,Rodriguez,"1010 Frances Springs Apt. 834 Ramirezshire, KS 78217",1961-12-15
Amanda,Oconnor,"49269 Cook Turnpike Suite 823 Lake James, IL 77769",2010-12-03
Diane,Russell,"90907 Angela Lodge Apt. 797 Rhodesshire, AS 61221",1909-06-10
Sandra,Lara,"10376 Shari Forges Lake Ricky, PA 26116",1956-04-10
Laurie,Gay,"7135 Ramirez Street Suite 634 Williamsville, IN 94488",2014-09-22
Carla,Moyer,USNS Chan FPO AE 36528,1909-05-29
Michael,Rodriguez,"51091 Maddox Vista Antoniofurt, GA 37632",1996-12-04
Crystal,Boyd,"0545 Derek Orchard Suzannehaven, AK 56669",1944-05-23
Cynthia,James,"627 Sara Oval Apt. 424 East Rebeccamouth, NY 97427",1950-10-01
James,Garner,"40455 Michael Inlet Apt. 515 Lake Kristinview, OR 91522",1951-12-18
Shelby,Whitaker,"975 White Isle Thompsonchester, IL 74836",1910-09-28
Robert,Martin,"3059 Francis Stravenue East Adamchester, GU 48619",2006-07-02
Crystal,Coffey,"4947 Kimberly Landing South Kevinfurt, NE 99099",1999-03-02
Troy,Dixon,"518 Thomas Tunnel Suite 676 Stephentown, MH 66624",1997-08-05
John,Price,"90229 Mueller Mews South Jenniferchester, MD 53438",1932-08-07
James,Escobar,"8805 Owens Forge Alvarezmouth, MS 18181",1920-07-08
Jim,Powell,"883 Turner Cove South Shawnfort, FM 30389",1913-05-28
Jennifer,Norton,"3565 Pitts Keys Apt. 765 North Jessica, CA 25205",1929-12-27
Kathleen,Gross,"364 Carter Estate Suite 488 Lake Jenniferhaven, IN 91810",1969-08-08
Joseph,Lopez,Unit 3615 Box 3851 DPO AP 65776,1978-12-15
Randall,Perry,"63898 Hanson Motorway South Anthonyfurt, VA 89624",1918-01-25
Edward,Henderson,"299 Jones Lake Suite 065 Lake Joshuaside, LA 02587",1927-09-21
Vincent,Hammond,"22950 Kristen Pass East Sarahtown, KY 92867",2004-10-29
Christopher,Garrett,"349 Sweeney Court Apt. 237 Andersonton, TX 61826",2008-11-08
Jay,Alvarez,"373 William Terrace Suite 690 Hillchester, AK 13190",1939-05-17
David,Carpenter,"82750 Haynes Stream South Mario, VA 40151",1954-04-23
Erik,Walker,"4198 Julie Roads Apt. 379 Lake Robyn, CO 58909",1955-05-10
Holly,Vasquez,"95263 Madison Corner East Davidshire, MS 33256",1934-05-30
Thomas,Sexton,"45238 Kyle Neck Suite 010 Rodgersport, GU 67128",1910-03-27
Donald,Greer,"PSC 1582, Box 3470 APO AE 96424",1965-12-18
Paula,Edwards,"6722 David Corner Apt. 667 East Amy, NE 68534",1989-02-26
Cindy,Travis,"4012 Lopez Ridges North Stephanie, VI 52983",1984-11-27
Carolyn,Montoya,"79940 Laura Throughway Apt. 176 South Christina, NC 27063",2010-06-04
George,Best,"39696 Tracey Grove Apt. 153 West Shannon, HI 09655",1954-04-12
Martin,Gordon,"09655 Elizabeth Glens Suite 627 South Melissastad, NE 12088",2018-02-02
James,Smith,"7286 Andre Village Martinport, FM 60213",1993-08-20
Robert,Martinez,"2531 Robinson Lights Apt. 683 Lake Brianton, DC 68824",1927-04-02
Ellen,Carroll,"33689 Anna Pine Suite 752 Port Rebeccachester, KY 62946",1998-12-22
Brandon,Hill,"375 Caroline Mills Suite 296 West James, WA 40580",1943-12-20
Donald,Powell,"078 Lisa Cape Suite 391 Joycetown, NH 20718",2013-07-26
Jennifer,Phillips,"722 Davis Brook Port Sarah, ME 26877",1993-10-31
Benjamin,Phillips,"630 Perez Alley Huberbury, NV 83162",2010-10-06
Garrett,Ruiz,"64657 Lawrence Mission Apt. 193 North Jameston, IL 52731",2018-06-11
Thomas,Graham,"6949 Michelle Forge Suite 062 Lake Raven, VA 85416",1941-01-19
Ann,Hopkins,Unit 8648 Box 8438 DPO AE 42225,2013-06-12
Brandon,Erickson,"108 Patterson Dam Lake Janet, MH 37938",2003-04-14
John,Ibarra,"756 Morgan Mills Suite 297 Jenniferville, OK 78643",1932-09-11
Gabriel,Williams,"32495 Melissa Lake Apt. 233 Kathleenshire, CO 16046",1971-03-26
Megan,Long,"2349 Clements Mountains West Rachael, ID 27316",2018-04-20
Natalie,Bryan,"0096 Peter Lodge Maldonadofort, IL 78239",1920-05-06
Rachel,Bowen,"30003 Delacruz Knoll Villarrealland, WI 50850",1972-01-13
Steve,Jefferson,"35150 Benjamin Forges South Stephenville, AS 61708",1959-07-27
Mark,Bradley,"8032 Nichole View North Lisaburgh, IN 11681",1993-11-11
James,Hudson,"5399 Klein Roads Apt. 210 North Victoria, NV 49842",1965-08-10
Rodney,Turner,"79729 Jerry Manor Jenniferborough, AZ 90292",1924-09-28
Holly,Barnes,"51918 Kathleen Forges West Ianport, MO 80061",1976-10-13
Michelle,Espinoza,"43157 Gordon Square Apt. 407 Richardland, ME 00960",2001-10-23
Jason,Smith,"96619 Angela Grove Starkton, KS 04463",1938-11-29
Anna,Bradley,"86205 Shannon Knoll New Stevenport, AL 92003",1936-03-31
James,White,"432 Joseph Flat Apt. 985 Lake Jamietown, PA 13406",1991-08-05
Roberto,Francis,"871 James Bridge Averyport, KS 92865",1990-08-10
Anthony,Smith,USNV Salas FPO AA 35402,2005-06-12
Karen,Donaldson,"27019 Joshua Court Apt. 591 Williamside, MN 37629",1953-11-22
Courtney,Green,"437 Smith Prairie Apt. 315 Cindyborough, MS 75817",2021-04-28
Daniel,Bruce,USS Stark FPO AP 34446,1986-03-04
Scott,Nguyen,"62730 Michael Mountains North Edwardberg, OK 67374",1991-04-22
Tammy,Green,"0189 Wiggins Turnpike Apt. 112 Rodriguezburgh, SD 88718",2017-07-16
Tracy,Tucker,USS Richardson FPO AE 88279,1921-11-28
Mikayla,Moon,"550 Gonzalez Station North Juliechester, MA 54722",1969-03-20
Gregory,Luna,"32760 Jones Pike Lake Ruthhaven, KS 21899",1988-11-20
Andres,Morris,"5360 Baker Ridges Ortizchester, MS 32004",1946-04-13
Stephanie,Greene,"PSC 9509, Box 0178 APO AP 08346",2013-07-17
Hannah,Peterson,"698 Jessica Garden Suite 292 Matthewmouth, NV 30802",1931-01-14
James,Ellis,"032 Paul Light Apt. 771 Jonathanmouth, HI 05883",1923-03-06
Courtney,Wallace,"28522 John Trail Port Eddie, SD 03315",1964-07-30
William,Hernandez,"3065 Mcintyre Mews Apt. 619 Carolynville, OK 94522",1941-03-25
Seth,Jackson,"930 Ryan Station Suite 087 Lake Barbaratown, FL 64079",1996-09-06
Elizabeth,Choi,"4372 Howard Radial Suite 982 West Crystalside, WY 96712",1974-03-01
Carla,Eaton,"9124 Robert Village Griffithchester, MI 00955",1950-12-18
Charles,Lewis,"794 Wendy Spring Suite 260 Roberthaven, CT 82953",1946-11-06
Alyssa,Bennett,"32227 Lyons Divide Suite 638 Matthewland, SC 08849",1934-02-20
Tiffany,Sanford,USNV Kennedy FPO AP 66223,1971-08-14
Michael,Dawson,"804 Gray Corner Lake Danielburgh, CO 49565",1962-09-08
Jason,George,Unit 6961 Box 7486 DPO AA 03271,1942-01-01
Jessica,Rogers,"023 Jennifer Burgs Apt. 947 Wrightland, SC 95045",1954-01-15
Eric,Lopez,"203 Mccarthy Club Apt. 271 Cohenfort, VI 99642",1940-05-17
Daniel,Sanchez,"1519 Smith Vista Suite 970 Berryview, ME 19398",2007-02-18
Marc,Boone,"56749 Harrington Lodge Apt. 682 South Christinafurt, MN 80489",1936-08-28
Andre,Fox,"9144 Wood Highway Katiefort, IA 31627",1909-05-01
Misty,Waters,"17651 Kathy Stream Lake Travisfurt, VT 69177",2019-10-13
Jennifer,Morrison,"293 Rowe Parkways Port Brian, NM 03549",1910-03-29
Linda,Martinez,"5682 Scott Path Apt. 162 Stevenborough, AZ 66723",2022-10-25
Sheila,Smith,"944 Obrien Crescent Hendersonfort, AS 13530",1948-02-02
John,Nguyen,"899 Rebecca Wells Port Elizabethmouth, OR 07895",2012-06-16
Monica,Williams,"36464 Pineda Rapids Lake David, MI 12672",1930-02-19
Richard,Jones,"155 Michael Well Suite 435 North Evanmouth, MI 09058",1954-05-29
Jacob,Cook,"6449 White Islands Jacobsonfurt, MH 31562",1973-03-10
Janet,Fleming,"690 Johnston Unions New Mark, WI 18714",2004-07-09
Herbert,Kim,"4913 Green Manor Suite 305 Terrellmouth, DC 55754",1979-07-02
Margaret,Foley,"8577 Linda Drive Patelfurt, VI 34960",1996-11-11
